"","Observed","Chao1","se.chao1","ACE","se.ACE","Shannon","Simpson","InvSimpson","Fisher"
"Am_M_001_FS_DNA",167,167,0,167,1.97590273464219,4.12553487087593,0.965927727270679,29.3493776580234,25.6357643148821
"Am_M_001_FS_dscDNA",164,164,0,164,1.40556385699745,4.11804936088692,0.966206392620398,29.5913954603022,25.092920408717
